{
  "schemaVersion": "1.0.1",
  "appType": "LandingPageApp",
  "appKey": "Demo",
  "appVersion": "1.0.1",
  "title": "Landing Page Remote",
  "description": "testing the description",
    "gameBrowser": {
        "basePath": "",
        "packages": [
            {
                "packageKey": "",
                "version": "",
                "url": "",
                "onDemand": false
            }
        ],
        "launch": {
            "platforms": [
                {
                    "platformKey": "win32",
                    "launchType": "Remote",
                    "launchTarget": "mainWindow",
                    "package": {
                        "packageKey": "",
                        "version": "",
                        "initialFile": ""
                    },
                    "remoteUrl": "http://demo.flashpointiq.com/Landing-Page",
                    "launchParams": {},
                    "appParams": {
                        "test": "1",
                        "test2": "2"
                    }
                }
            ]
        }
    },
  "app": {}
}
