{
    "schemaVersion": "1.0.1",
    "appType": "HomeScreenApp",
    "appKey": "FlashPointIQ",
    "appVersion": "1.0.0",
    "title": "FlashPointIQ",
    "description": "testing the description",
    "gameBrowser": {
        "basePath": "",
        "packages": [
            {
                "packageKey": "",
                "version": "",
                "url": "",
                "onDemand": false
            }
        ],
        "launch": {
            "platforms": [
                {
                    "platformKey": "win32",
                    "launchType": "Remote",
                    "launchTarget": "mainWindow",
                    "package": {
                        "packageKey": "",
                        "version": "",
                        "initialFile": ""
                    },
                    "remoteUrl": "http://demo.flashpointiq.com/HomeScreens/FlashPointIQ",
                    "launchParams": {},
                    "appParams": {
                        "test": "1",
                        "test2": "2"
                    }
                }
            ]
        }
    },
    "app": {}
}