{
  "schemaVersion": "1.0.2",
  "appType": "LandingPageApp",
  "appKey": "Demo",
  "appVersion": "1.0.0",
  "title": "Landing Page Package",
  "description": "testing the description",
  "gameBrowser": {
    "basePath": "http://s3.amazonaws.com/gameBrowserV3/",
    "packages": [
      {
        "packageKey": "LandingPagePackage",
        "version": "1.0.0",
        "url": "landingPage2.zip",
        "onDemand": false
      }
    ],
    "launch": [
      {
        "platformKey": "win32",
        "launchType": "Package",
        "launchTarget": "mainWindow",
        "package": {
          "packageKey": "LandingPagePackage",
          "version": "1.0.0",
          "initialFile": "landingPage.html"
        },
        "remoteUrl": "",
        "launchParams": [ {} ],
        "appParams": [
          { "test": 1 },
          { "test2": "2" }
        ]
      },
      {
        "platformKey": "darwin",
        "launchType": "Package",
        "launchTarget": "mainWindow",
        "package": {
          "packageKey": "LandingPagePackage",
          "version": "1.0.0",
          "initialFile": "landingPage.html"
        },
        "remoteUrl": "",
        "launchParams": [ {} ],
        "appParams": [
          { "test": 1 },
          { "test2": "2" }
        ]
      }
    ]
  },
  "app": {}
}
